Timestamp,Domain,Type,Client IP,Status,Reasons
2024-08-20T09:15:23Z,linkedin.com,A,192.168.1.25,NOERROR,
2024-08-20T09:16:45Z,indeed.com,A,192.168.1.25,NOERROR,
2024-08-20T09:17:12Z,glassdoor.com,A,192.168.1.25,NOERROR,
2024-08-20T09:18:33Z,naukri.com,A,192.168.1.25,NOERROR,
2024-08-20T09:19:15Z,monster.com,A,192.168.1.25,NOERROR,
2024-08-20T09:20:22Z,jobs.google.com,A,192.168.1.25,NOERROR,
2024-08-20T09:21:45Z,careerbuilder.com,A,192.168.1.25,NOERROR,
2024-08-20T09:22:18Z,ziprecruiter.com,A,192.168.1.25,NOERROR,
2024-08-20T09:23:33Z,stackoverflow.com,A,192.168.1.25,NOERROR,
2024-08-20T09:24:15Z,github.com,A,192.168.1.25,NOERROR,
2024-08-20T09:25:42Z,linkedin.com,A,192.168.1.25,NOERROR,
2024-08-20T09:26:18Z,indeed.com,A,192.168.1.25,NOERROR,
2024-08-20T09:27:33Z,glassdoor.com,A,192.168.1.25,NOERROR,
2024-08-20T09:28:15Z,angel.co,A,192.168.1.25,NOERROR,
2024-08-20T09:29:22Z,wellfound.com,A,192.168.1.25,NOERROR,
2024-08-20T09:30:45Z,dice.com,A,192.168.1.25,NOERROR,
2024-08-20T09:31:18Z,flexjobs.com,A,192.168.1.25,NOERROR,
2024-08-20T09:32:33Z,remote.co,A,192.168.1.25,NOERROR,
2024-08-20T09:33:15Z,upwork.com,A,192.168.1.25,NOERROR,
2024-08-20T09:34:22Z,freelancer.com,A,192.168.1.25,NOERROR,
2024-08-20T09:35:45Z,linkedin.com,A,192.168.1.25,NOERROR,
2024-08-20T09:36:18Z,indeed.com,A,192.168.1.25,NOERROR,
2024-08-20T09:37:33Z,glassdoor.com,A,192.168.1.25,NOERROR,
2024-08-20T09:38:15Z,lever.co,A,192.168.1.25,NOERROR,
2024-08-20T09:39:22Z,greenhouse.io,A,192.168.1.25,NOERROR,
2024-08-20T09:40:45Z,workday.com,A,192.168.1.25,NOERROR,
2024-08-20T09:41:18Z,bamboohr.com,A,192.168.1.25,NOERROR,
2024-08-20T09:42:33Z,smartrecruiters.com,A,192.168.1.25,NOERROR,
2024-08-20T09:43:15Z,jobvite.com,A,192.168.1.25,NOERROR,
2024-08-20T09:44:22Z,icims.com,A,192.168.1.25,NOERROR,
2024-08-20T09:45:45Z,linkedin.com,A,192.168.1.25,NOERROR,
2024-08-20T09:46:18Z,indeed.com,A,192.168.1.25,NOERROR,
2024-08-20T09:47:33Z,glassdoor.com,A,192.168.1.25,NOERROR,
2024-08-20T09:48:15Z,ycombinator.com,A,192.168.1.25,NOERROR,
2024-08-20T09:49:22Z,crunchbase.com,A,192.168.1.25,NOERROR,
2024-08-20T09:50:45Z,techcrunch.com,A,192.168.1.25,NOERROR,
2024-08-20T09:51:18Z,venturebeat.com,A,192.168.1.25,NOERROR,
2024-08-20T09:52:33Z,salary.com,A,192.168.1.25,NOERROR,
2024-08-20T09:53:15Z,payscale.com,A,192.168.1.25,NOERROR,
2024-08-20T09:54:22Z,levels.fyi,A,192.168.1.25,NOERROR,
2024-08-20T09:55:45Z,blind.com,A,192.168.1.25,NOERROR,
2024-08-20T09:56:18Z,teamblind.com,A,192.168.1.25,NOERROR,
2024-08-20T09:57:33Z,reddit.com,A,192.168.1.25,NOERROR,
2024-08-20T09:58:15Z,news.ycombinator.com,A,192.168.1.25,NOERROR,
2024-08-20T09:59:22Z,linkedin.com,A,192.168.1.25,NOERROR,
2024-08-20T10:00:45Z,indeed.com,A,192.168.1.25,NOERROR,
2024-08-20T10:01:18Z,glassdoor.com,A,192.168.1.25,NOERROR,
2024-08-20T10:02:33Z,resumegenius.com,A,192.168.1.25,NOERROR,
2024-08-20T10:03:15Z,zety.com,A,192.168.1.25,NOERROR,
2024-08-20T10:04:22Z,canva.com,A,192.168.1.25,NOERROR,
2024-08-20T10:05:45Z,novoresume.com,A,192.168.1.25,NOERROR,
2024-08-20T10:06:18Z,resume.io,A,192.168.1.25,NOERROR,
2024-08-20T10:07:33Z,enhancv.com,A,192.168.1.25,NOERROR,
2024-08-20T10:08:15Z,myperfectresume.com,A,192.168.1.25,NOERROR,
2024-08-20T10:09:22Z,livecareer.com,A,192.168.1.25,NOERROR,
2024-08-20T10:10:45Z,linkedin.com,A,192.168.1.25,NOERROR,
2024-08-20T10:11:18Z,indeed.com,A,192.168.1.25,NOERROR,
2024-08-20T10:12:33Z,glassdoor.com,A,192.168.1.25,NOERROR,
2024-08-20T10:13:15Z,google.com,A,192.168.1.25,NOERROR,
2024-08-20T10:14:22Z,gmail.com,A,192.168.1.25,NOERROR,
2024-08-20T10:15:45Z,outlook.com,A,192.168.1.25,NOERROR,
2024-08-20T10:16:18Z,yahoo.com,A,192.168.1.25,NOERROR,
2024-08-20T10:17:33Z,microsoft.com,A,192.168.1.25,NOERROR,
2024-08-20T10:18:15Z,office.com,A,192.168.1.25,NOERROR,
2024-08-20T10:19:22Z,teams.microsoft.com,A,192.168.1.25,NOERROR,
2024-08-20T10:20:45Z,slack.com,A,192.168.1.25,NOERROR,
2024-08-20T10:21:18Z,zoom.us,A,192.168.1.25,NOERROR,
2024-08-20T10:22:33Z,atlassian.com,A,192.168.1.25,NOERROR,
2024-08-20T10:23:15Z,jira.atlassian.com,A,192.168.1.25,NOERROR,
2024-08-20T10:24:22Z,confluence.atlassian.com,A,192.168.1.25,NOERROR,
2024-08-20T10:25:45Z,linkedin.com,A,192.168.1.25,NOERROR,
2024-08-20T10:26:18Z,indeed.com,A,192.168.1.25,NOERROR,
2024-08-20T10:27:33Z,glassdoor.com,A,192.168.1.25,NOERROR,
2024-08-20T10:28:15Z,stackoverflow.com,A,192.168.1.25,NOERROR,
2024-08-20T10:29:22Z,github.com,A,192.168.1.25,NOERROR,
2024-08-20T10:30:45Z,aws.amazon.com,A,192.168.1.25,NOERROR,
2024-08-20T10:31:18Z,azure.microsoft.com,A,192.168.1.25,NOERROR,
2024-08-20T10:32:33Z,cloud.google.com,A,192.168.1.25,NOERROR,
2024-08-20T10:33:15Z,docker.com,A,192.168.1.25,NOERROR,
2024-08-20T10:34:22Z,kubernetes.io,A,192.168.1.25,NOERROR,
2024-08-20T10:35:45Z,linkedin.com,A,192.168.1.25,NOERROR,
2024-08-20T10:36:18Z,indeed.com,A,192.168.1.25,NOERROR,
2024-08-20T10:37:33Z,glassdoor.com,A,192.168.1.25,NOERROR,
2024-08-20T10:38:15Z,interviewbit.com,A,192.168.1.25,NOERROR,
2024-08-20T10:39:22Z,leetcode.com,A,192.168.1.25,NOERROR,
2024-08-20T10:40:45Z,hackerrank.com,A,192.168.1.25,NOERROR,
2024-08-20T10:41:18Z,codechef.com,A,192.168.1.25,NOERROR,
2024-08-20T10:42:33Z,codeforces.com,A,192.168.1.25,NOERROR,
2024-08-20T10:43:15Z,topcoder.com,A,192.168.1.25,NOERROR,
2024-08-20T10:44:22Z,pramp.com,A,192.168.1.25,NOERROR,
2024-08-20T10:45:45Z,interviewing.io,A,192.168.1.25,NOERROR,
2024-08-20T10:46:18Z,linkedin.com,A,192.168.1.25,NOERROR,
2024-08-20T10:47:33Z,indeed.com,A,192.168.1.25,NOERROR,
2024-08-20T10:48:15Z,glassdoor.com,A,192.168.1.25,NOERROR,
2024-08-20T10:49:22Z,medium.com,A,192.168.1.25,NOERROR,
2024-08-20T10:50:45Z,dev.to,A,192.168.1.25,NOERROR,
2024-08-20T10:51:18Z,hashnode.com,A,192.168.1.25,NOERROR,
2024-08-20T10:52:33Z,hackernoon.com,A,192.168.1.25,NOERROR,
2024-08-20T10:53:15Z,techbeacon.com,A,192.168.1.25,NOERROR,
2024-08-20T10:54:22Z,infoworld.com,A,192.168.1.25,NOERROR,
2024-08-20T10:55:45Z,computerworld.com,A,192.168.1.25,NOERROR,
2024-08-20T10:56:18Z,linkedin.com,A,192.168.1.25,NOERROR,
2024-08-20T10:57:33Z,indeed.com,A,192.168.1.25,NOERROR,
2024-08-20T10:58:15Z,glassdoor.com,A,192.168.1.25,NOERROR,
2024-08-20T10:59:22Z,facebook.com,A,192.168.1.25,NOERROR,
2024-08-20T11:00:45Z,instagram.com,A,192.168.1.25,NOERROR,
2024-08-20T11:01:18Z,twitter.com,A,192.168.1.25,NOERROR,
2024-08-20T11:02:33Z,youtube.com,A,192.168.1.25,NOERROR,
2024-08-20T11:03:15Z,netflix.com,A,192.168.1.25,NOERROR,
2024-08-20T11:04:22Z,linkedin.com,A,192.168.1.25,NOERROR,
2024-08-20T11:05:45Z,indeed.com,A,192.168.1.25,NOERROR,
2024-08-20T11:06:18Z,glassdoor.com,A,192.168.1.25,NOERROR,
